experiment_id,well,strain,experiment_reference,lab,strain_name,strain_class,standard_type,control_type,media_type,inducer_type,inducer_concentration,inducer_concentration_unit,sample_contents,temperature,temperature_unit,od,dead,ungrowing,doubling_time,n0,"('predicted_output_mean', 'mean')","('predicted_output_mean', 'std')"
experiment.transcriptic.r1dtsch56yk5pq,a1,UWBF_24926,YeastSTATES-CRISPR-Dose-Response,transcriptic,CRISPR_CEN.PK2_24926,Experiment,,,Synthetic_Complete,beta-estradiol,0.0,mM,"['Synthetic_Complete|NA|NA', 'beta-estradiol|0.0|mM']",30.0,celsius,0.03418205145769703,True,True,,,0.9890350877192983,
experiment.transcriptic.r1dtsch56yk5pq,a10,UWBF_24926,YeastSTATES-CRISPR-Dose-Response,transcriptic,CRISPR_CEN.PK2_24926,Experiment,,,Synthetic_Complete,beta-estradiol,6.3e-06,mM,"['Synthetic_Complete|NA|NA', 'beta-estradiol|6.3e-06|mM']",30.0,celsius,0.03381844670835278,True,True,,,0.9820885434268334,
experiment.transcriptic.r1dtsch56yk5pq,a11,UWBF_24926,YeastSTATES-CRISPR-Dose-Response,transcriptic,CRISPR_CEN.PK2_24926,Experiment,,,Synthetic_Complete,beta-estradiol,1e-05,mM,"['Synthetic_Complete|NA|NA', 'beta-estradiol|1e-05|mM']",30.0,celsius,0.034328040199523506,True,True,,,0.9973781616286244,
experiment.transcriptic.r1dtsch56yk5pq,a12,UWBF_24926,YeastSTATES-CRISPR-Dose-Response,transcriptic,CRISPR_CEN.PK2_24926,Experiment,,,Synthetic_Complete,beta-estradiol,1e-05,mM,"['Synthetic_Complete|NA|NA', 'beta-estradiol|1e-05|mM']",30.0,celsius,0.03542080620811892,True,True,,,0.9697950377562028,
experiment.transcriptic.r1dtsch56yk5pq,a2,UWBF_24926,YeastSTATES-CRISPR-Dose-Response,transcriptic,CRISPR_CEN.PK2_24926,Experiment,,,Synthetic_Complete,beta-estradiol,0.0,mM,"['Synthetic_Complete|NA|NA', 'beta-estradiol|0.0|mM']",30.0,celsius,0.03393233913437645,True,True,,,0.9587301587301588,
experiment.transcriptic.r1dtsch56yk5pq,a3,UWBF_24926,YeastSTATES-CRISPR-Dose-Response,transcriptic,CRISPR_CEN.PK2_24926,Experiment,,,Synthetic_Complete,beta-estradiol,1.6e-06,mM,"['Synthetic_Complete|NA|NA', 'beta-estradiol|1.6e-06|mM']",30.0,celsius,0.03507970292987735,True,True,,,0.9907300115874855,
experiment.transcriptic.r1dtsch56yk5pq,a4,UWBF_24926,YeastSTATES-CRISPR-Dose-Response,transcriptic,CRISPR_CEN.PK2_24926,Experiment,,,Synthetic_Complete,beta-estradiol,1.6e-06,mM,"['Synthetic_Complete|NA|NA', 'beta-estradiol|1.6e-06|mM']",30.0,celsius,0.034821495447565916,True,True,,,0.8076923076923077,
experiment.transcriptic.r1dtsch56yk5pq,a5,UWBF_24926,YeastSTATES-CRISPR-Dose-Response,transcriptic,CRISPR_CEN.PK2_24926,Experiment,,,Synthetic_Complete,beta-estradiol,2.5e-06,mM,"['Synthetic_Complete|NA|NA', 'beta-estradiol|2.5e-06|mM']",30.0,celsius,0.033967821927220636,True,True,,,0.9734151329243353,
experiment.transcriptic.r1dtsch56yk5pq,a6,UWBF_24926,YeastSTATES-CRISPR-Dose-Response,transcriptic,CRISPR_CEN.PK2_24926,Experiment,,,Synthetic_Complete,beta-estradiol,2.5e-06,mM,"['Synthetic_Complete|NA|NA', 'beta-estradiol|2.5e-06|mM']",30.0,celsius,0.034285215384326675,True,True,,,0.993382540086536,
experiment.transcriptic.r1dtsch56yk5pq,a7,UWBF_24926,YeastSTATES-CRISPR-Dose-Response,transcriptic,CRISPR_CEN.PK2_24926,Experiment,,,Synthetic_Complete,beta-estradiol,4e-06,mM,"['Synthetic_Complete|NA|NA', 'beta-estradiol|4e-06|mM']",30.0,celsius,0.03472505917946777,True,True,,,0.9342359767891683,
experiment.transcriptic.r1dtsch56yk5pq,a8,UWBF_24926,YeastSTATES-CRISPR-Dose-Response,transcriptic,CRISPR_CEN.PK2_24926,Experiment,,,Synthetic_Complete,beta-estradiol,4e-06,mM,"['Synthetic_Complete|NA|NA', 'beta-estradiol|4e-06|mM']",30.0,celsius,0.03545787985807722,True,True,,,0.994476525232237,
experiment.transcriptic.r1dtsch56yk5pq,a9,UWBF_24926,YeastSTATES-CRISPR-Dose-Response,transcriptic,CRISPR_CEN.PK2_24926,Experiment,,,Synthetic_Complete,beta-estradiol,6.3e-06,mM,"['Synthetic_Complete|NA|NA', 'beta-estradiol|6.3e-06|mM']",30.0,celsius,0.0341587417666975,True,True,,,0.757679180887372,
experiment.transcriptic.r1dtsch56yk5pq,b1,UWBF_24952,YeastSTATES-CRISPR-Dose-Response,transcriptic,CRISPR_CEN.PK2_24952,Experiment,,,Synthetic_Complete,beta-estradiol,0.0,mM,"['Synthetic_Complete|NA|NA', 'beta-estradiol|0.0|mM']",30.0,celsius,0.03508490484321137,True,True,,,0.9863813229571985,
experiment.transcriptic.r1dtsch56yk5pq,b10,UWBF_24952,YeastSTATES-CRISPR-Dose-Response,transcriptic,CRISPR_CEN.PK2_24952,Experiment,,,Synthetic_Complete,beta-estradiol,6.3e-06,mM,"['Synthetic_Complete|NA|NA', 'beta-estradiol|6.3e-06|mM']",30.0,celsius,0.03694012234139602,True,True,,,0.9634225996080993,
experiment.transcriptic.r1dtsch56yk5pq,b11,UWBF_24952,YeastSTATES-CRISPR-Dose-Response,transcriptic,CRISPR_CEN.PK2_24952,Experiment,,,Synthetic_Complete,beta-estradiol,1e-05,mM,"['Synthetic_Complete|NA|NA', 'beta-estradiol|1e-05|mM']",30.0,celsius,0.03468696627457208,True,True,,,0.9545454545454546,
experiment.transcriptic.r1dtsch56yk5pq,b12,UWBF_24952,YeastSTATES-CRISPR-Dose-Response,transcriptic,CRISPR_CEN.PK2_24952,Experiment,,,Synthetic_Complete,beta-estradiol,1e-05,mM,"['Synthetic_Complete|NA|NA', 'beta-estradiol|1e-05|mM']",30.0,celsius,0.03593536550259232,True,True,,,0.998105462582886,
experiment.transcriptic.r1dtsch56yk5pq,b2,UWBF_24952,YeastSTATES-CRISPR-Dose-Response,transcriptic,CRISPR_CEN.PK2_24952,Experiment,,,Synthetic_Complete,beta-estradiol,0.0,mM,"['Synthetic_Complete|NA|NA', 'beta-estradiol|0.0|mM']",30.0,celsius,0.03650631450752122,True,True,,,0.7692307692307693,
experiment.transcriptic.r1dtsch56yk5pq,b3,UWBF_24952,YeastSTATES-CRISPR-Dose-Response,transcriptic,CRISPR_CEN.PK2_24952,Experiment,,,Synthetic_Complete,beta-estradiol,1.6e-06,mM,"['Synthetic_Complete|NA|NA', 'beta-estradiol|1.6e-06|mM']",30.0,celsius,0.034329674065725964,True,True,,,0.9322033898305084,
experiment.transcriptic.r1dtsch56yk5pq,b4,UWBF_24952,YeastSTATES-CRISPR-Dose-Response,transcriptic,CRISPR_CEN.PK2_24952,Experiment,,,Synthetic_Complete,beta-estradiol,1.6e-06,mM,"['Synthetic_Complete|NA|NA', 'beta-estradiol|1.6e-06|mM']",30.0,celsius,0.03534918779304429,True,True,,,0.9962321024868124,
experiment.transcriptic.r1dtsch56yk5pq,b5,UWBF_24952,YeastSTATES-CRISPR-Dose-Response,transcriptic,CRISPR_CEN.PK2_24952,Experiment,,,Synthetic_Complete,beta-estradiol,2.5e-06,mM,"['Synthetic_Complete|NA|NA', 'beta-estradiol|2.5e-06|mM']",30.0,celsius,0.035899738916057286,True,True,,,0.9830917874396136,
experiment.transcriptic.r1dtsch56yk5pq,b6,UWBF_24952,YeastSTATES-CRISPR-Dose-Response,transcriptic,CRISPR_CEN.PK2_24952,Experiment,,,Synthetic_Complete,beta-estradiol,2.5e-06,mM,"['Synthetic_Complete|NA|NA', 'beta-estradiol|2.5e-06|mM']",30.0,celsius,0.03617879020109525,True,True,,,0.9927007299270073,
experiment.transcriptic.r1dtsch56yk5pq,b7,UWBF_24952,YeastSTATES-CRISPR-Dose-Response,transcriptic,CRISPR_CEN.PK2_24952,Experiment,,,Synthetic_Complete,beta-estradiol,4e-06,mM,"['Synthetic_Complete|NA|NA', 'beta-estradiol|4e-06|mM']",30.0,celsius,0.03553369883358636,True,True,,,0.9806629834254144,
experiment.transcriptic.r1dtsch56yk5pq,b8,UWBF_24952,YeastSTATES-CRISPR-Dose-Response,transcriptic,CRISPR_CEN.PK2_24952,Experiment,,,Synthetic_Complete,beta-estradiol,4e-06,mM,"['Synthetic_Complete|NA|NA', 'beta-estradiol|4e-06|mM']",30.0,celsius,0.03477260772914472,True,True,,,0.7283950617283951,
experiment.transcriptic.r1dtsch56yk5pq,b9,UWBF_24952,YeastSTATES-CRISPR-Dose-Response,transcriptic,CRISPR_CEN.PK2_24952,Experiment,,,Synthetic_Complete,beta-estradiol,6.3e-06,mM,"['Synthetic_Complete|NA|NA', 'beta-estradiol|6.3e-06|mM']",30.0,celsius,0.035494723966119884,True,True,,,0.9848293299620733,
experiment.transcriptic.r1dtsch56yk5pq,c1,UWBF_24959,YeastSTATES-CRISPR-Dose-Response,transcriptic,CRISPR_CEN.PK2_24959,Experiment,,,Synthetic_Complete,beta-estradiol,0.0,mM,"['Synthetic_Complete|NA|NA', 'beta-estradiol|0.0|mM']",30.0,celsius,0.035025341979504354,True,True,,,0.8809523809523809,
experiment.transcriptic.r1dtsch56yk5pq,c10,UWBF_24959,YeastSTATES-CRISPR-Dose-Response,transcriptic,CRISPR_CEN.PK2_24959,Experiment,,,Synthetic_Complete,beta-estradiol,6.3e-06,mM,"['Synthetic_Complete|NA|NA', 'beta-estradiol|6.3e-06|mM']",30.0,celsius,0.03583514296394106,True,True,,,0.9948394495412844,
experiment.transcriptic.r1dtsch56yk5pq,c11,UWBF_24959,YeastSTATES-CRISPR-Dose-Response,transcriptic,CRISPR_CEN.PK2_24959,Experiment,,,Synthetic_Complete,beta-estradiol,1e-05,mM,"['Synthetic_Complete|NA|NA', 'beta-estradiol|1e-05|mM']",30.0,celsius,0.03534555807230416,True,True,,,0.9893129770992366,
experiment.transcriptic.r1dtsch56yk5pq,c12,UWBF_24959,YeastSTATES-CRISPR-Dose-Response,transcriptic,CRISPR_CEN.PK2_24959,Experiment,,,Synthetic_Complete,beta-estradiol,1e-05,mM,"['Synthetic_Complete|NA|NA', 'beta-estradiol|1e-05|mM']",30.0,celsius,0.03607164294777023,True,True,,,0.9907887161773172,
experiment.transcriptic.r1dtsch56yk5pq,c2,UWBF_24959,YeastSTATES-CRISPR-Dose-Response,transcriptic,CRISPR_CEN.PK2_24959,Experiment,,,Synthetic_Complete,beta-estradiol,0.0,mM,"['Synthetic_Complete|NA|NA', 'beta-estradiol|0.0|mM']",30.0,celsius,0.036143473903050664,True,True,,,0.9594594594594594,
experiment.transcriptic.r1dtsch56yk5pq,c3,UWBF_24959,YeastSTATES-CRISPR-Dose-Response,transcriptic,CRISPR_CEN.PK2_24959,Experiment,,,Synthetic_Complete,beta-estradiol,1.6e-06,mM,"['Synthetic_Complete|NA|NA', 'beta-estradiol|1.6e-06|mM']",30.0,celsius,0.03460810616283425,True,True,,,0.9968076616121309,
experiment.transcriptic.r1dtsch56yk5pq,c4,UWBF_24959,YeastSTATES-CRISPR-Dose-Response,transcriptic,CRISPR_CEN.PK2_24959,Experiment,,,Synthetic_Complete,beta-estradiol,1.6e-06,mM,"['Synthetic_Complete|NA|NA', 'beta-estradiol|1.6e-06|mM']",30.0,celsius,0.03580488521060607,True,True,,,0.9032258064516129,
experiment.transcriptic.r1dtsch56yk5pq,c5,UWBF_24959,YeastSTATES-CRISPR-Dose-Response,transcriptic,CRISPR_CEN.PK2_24959,Experiment,,,Synthetic_Complete,beta-estradiol,2.5e-06,mM,"['Synthetic_Complete|NA|NA', 'beta-estradiol|2.5e-06|mM']",30.0,celsius,0.035532611889351036,True,True,,,0.9772727272727273,
experiment.transcriptic.r1dtsch56yk5pq,c6,UWBF_24959,YeastSTATES-CRISPR-Dose-Response,transcriptic,CRISPR_CEN.PK2_24959,Experiment,,,Synthetic_Complete,beta-estradiol,2.5e-06,mM,"['Synthetic_Complete|NA|NA', 'beta-estradiol|2.5e-06|mM']",30.0,celsius,0.035726691206076897,True,True,,,0.9943644333124608,
experiment.transcriptic.r1dtsch56yk5pq,c7,UWBF_24959,YeastSTATES-CRISPR-Dose-Response,transcriptic,CRISPR_CEN.PK2_24959,Experiment,,,Synthetic_Complete,beta-estradiol,4e-06,mM,"['Synthetic_Complete|NA|NA', 'beta-estradiol|4e-06|mM']",30.0,celsius,0.036326017851022095,True,True,,,0.9855371900826446,
experiment.transcriptic.r1dtsch56yk5pq,c8,UWBF_24959,YeastSTATES-CRISPR-Dose-Response,transcriptic,CRISPR_CEN.PK2_24959,Experiment,,,Synthetic_Complete,beta-estradiol,4e-06,mM,"['Synthetic_Complete|NA|NA', 'beta-estradiol|4e-06|mM']",30.0,celsius,0.03549776659481672,True,True,,,0.9929137140475198,
experiment.transcriptic.r1dtsch56yk5pq,c9,UWBF_24959,YeastSTATES-CRISPR-Dose-Response,transcriptic,CRISPR_CEN.PK2_24959,Experiment,,,Synthetic_Complete,beta-estradiol,6.3e-06,mM,"['Synthetic_Complete|NA|NA', 'beta-estradiol|6.3e-06|mM']",30.0,celsius,0.035410361912549065,True,True,,,0.9747292418772563,
experiment.transcriptic.r1dtsch56yk5pq,d1,UWBF_24960,YeastSTATES-CRISPR-Dose-Response,transcriptic,CRISPR_CEN.PK2_24960,Experiment,,,Synthetic_Complete,beta-estradiol,0.0,mM,"['Synthetic_Complete|NA|NA', 'beta-estradiol|0.0|mM']",30.0,celsius,0.03446006844658262,True,True,,,0.9970794392523364,
experiment.transcriptic.r1dtsch56yk5pq,d10,UWBF_24960,YeastSTATES-CRISPR-Dose-Response,transcriptic,CRISPR_CEN.PK2_24960,Experiment,,,Synthetic_Complete,beta-estradiol,6.3e-06,mM,"['Synthetic_Complete|NA|NA', 'beta-estradiol|6.3e-06|mM']",30.0,celsius,0.03526898528078963,True,True,,,0.987220447284345,
experiment.transcriptic.r1dtsch56yk5pq,d11,UWBF_24960,YeastSTATES-CRISPR-Dose-Response,transcriptic,CRISPR_CEN.PK2_24960,Experiment,,,Synthetic_Complete,beta-estradiol,1e-05,mM,"['Synthetic_Complete|NA|NA', 'beta-estradiol|1e-05|mM']",30.0,celsius,0.035838172018535605,False,False,2.118365412050396,0.006159082902268915,0.9787234042553191,
experiment.transcriptic.r1dtsch56yk5pq,d12,UWBF_24960,YeastSTATES-CRISPR-Dose-Response,transcriptic,CRISPR_CEN.PK2_24960,Experiment,,,Synthetic_Complete,beta-estradiol,1e-05,mM,"['Synthetic_Complete|NA|NA', 'beta-estradiol|1e-05|mM']",30.0,celsius,0.03577317639182436,False,False,2.480229094394451,0.010270163070716558,0.9971666666666666,
experiment.transcriptic.r1dtsch56yk5pq,d2,UWBF_24960,YeastSTATES-CRISPR-Dose-Response,transcriptic,CRISPR_CEN.PK2_24960,Experiment,,,Synthetic_Complete,beta-estradiol,0.0,mM,"['Synthetic_Complete|NA|NA', 'beta-estradiol|0.0|mM']",30.0,celsius,0.03655019216074182,True,True,,,0.917098445595855,
experiment.transcriptic.r1dtsch56yk5pq,d3,UWBF_24960,YeastSTATES-CRISPR-Dose-Response,transcriptic,CRISPR_CEN.PK2_24960,Experiment,,,Synthetic_Complete,beta-estradiol,1.6e-06,mM,"['Synthetic_Complete|NA|NA', 'beta-estradiol|1.6e-06|mM']",30.0,celsius,0.03473777125581855,True,True,,,0.9760765550239234,
experiment.transcriptic.r1dtsch56yk5pq,d4,UWBF_24960,YeastSTATES-CRISPR-Dose-Response,transcriptic,CRISPR_CEN.PK2_24960,Experiment,,,Synthetic_Complete,beta-estradiol,1.6e-06,mM,"['Synthetic_Complete|NA|NA', 'beta-estradiol|1.6e-06|mM']",30.0,celsius,0.03538364597905876,True,True,,,0.9894551845342706,
experiment.transcriptic.r1dtsch56yk5pq,d5,UWBF_24960,YeastSTATES-CRISPR-Dose-Response,transcriptic,CRISPR_CEN.PK2_24960,Experiment,,,Synthetic_Complete,beta-estradiol,2.5e-06,mM,"['Synthetic_Complete|NA|NA', 'beta-estradiol|2.5e-06|mM']",30.0,celsius,0.03511412589894953,True,True,,,0.9951951951951952,
experiment.transcriptic.r1dtsch56yk5pq,d6,UWBF_24960,YeastSTATES-CRISPR-Dose-Response,transcriptic,CRISPR_CEN.PK2_24960,Experiment,,,Synthetic_Complete,beta-estradiol,2.5e-06,mM,"['Synthetic_Complete|NA|NA', 'beta-estradiol|2.5e-06|mM']",30.0,celsius,0.03593416556578165,True,True,,,0.972972972972973,
experiment.transcriptic.r1dtsch56yk5pq,d7,UWBF_24960,YeastSTATES-CRISPR-Dose-Response,transcriptic,CRISPR_CEN.PK2_24960,Experiment,,,Synthetic_Complete,beta-estradiol,4e-06,mM,"['Synthetic_Complete|NA|NA', 'beta-estradiol|4e-06|mM']",30.0,celsius,0.03463929744779412,True,True,,,0.9924134660976767,
experiment.transcriptic.r1dtsch56yk5pq,d8,UWBF_24960,YeastSTATES-CRISPR-Dose-Response,transcriptic,CRISPR_CEN.PK2_24960,Experiment,,,Synthetic_Complete,beta-estradiol,4e-06,mM,"['Synthetic_Complete|NA|NA', 'beta-estradiol|4e-06|mM']",30.0,celsius,0.035024298047873784,True,True,,,0.9668141592920354,
experiment.transcriptic.r1dtsch56yk5pq,d9,UWBF_24960,YeastSTATES-CRISPR-Dose-Response,transcriptic,CRISPR_CEN.PK2_24960,Experiment,,,Synthetic_Complete,beta-estradiol,6.3e-06,mM,"['Synthetic_Complete|NA|NA', 'beta-estradiol|6.3e-06|mM']",30.0,celsius,0.03547803099502048,True,True,,,0.9951942330796957,
experiment.transcriptic.r1dtsch56yk5pq,e1,UWBF_24961,YeastSTATES-CRISPR-Dose-Response,transcriptic,CRISPR_CEN.PK2_24961,Experiment,,,Synthetic_Complete,beta-estradiol,0.0,mM,"['Synthetic_Complete|NA|NA', 'beta-estradiol|0.0|mM']",30.0,celsius,0.0354576563788687,True,True,,,0.9482758620689655,
experiment.transcriptic.r1dtsch56yk5pq,e10,UWBF_24961,YeastSTATES-CRISPR-Dose-Response,transcriptic,CRISPR_CEN.PK2_24961,Experiment,,,Synthetic_Complete,beta-estradiol,6.3e-06,mM,"['Synthetic_Complete|NA|NA', 'beta-estradiol|6.3e-06|mM']",30.0,celsius,0.03450471008493061,True,True,,,0.5,
experiment.transcriptic.r1dtsch56yk5pq,e11,UWBF_24961,YeastSTATES-CRISPR-Dose-Response,transcriptic,CRISPR_CEN.PK2_24961,Experiment,,,Synthetic_Complete,beta-estradiol,1e-05,mM,"['Synthetic_Complete|NA|NA', 'beta-estradiol|1e-05|mM']",30.0,celsius,0.03611449021094336,True,True,,,0.95,
experiment.transcriptic.r1dtsch56yk5pq,e12,UWBF_24961,YeastSTATES-CRISPR-Dose-Response,transcriptic,CRISPR_CEN.PK2_24961,Experiment,,,Synthetic_Complete,beta-estradiol,1e-05,mM,"['Synthetic_Complete|NA|NA', 'beta-estradiol|1e-05|mM']",30.0,celsius,0.034752939466007896,True,True,,,0.2777777777777778,
experiment.transcriptic.r1dtsch56yk5pq,e2,UWBF_24961,YeastSTATES-CRISPR-Dose-Response,transcriptic,CRISPR_CEN.PK2_24961,Experiment,,,Synthetic_Complete,beta-estradiol,0.0,mM,"['Synthetic_Complete|NA|NA', 'beta-estradiol|0.0|mM']",30.0,celsius,0.03538276805368242,True,True,,,0.8170731707317073,
experiment.transcriptic.r1dtsch56yk5pq,e3,UWBF_24961,YeastSTATES-CRISPR-Dose-Response,transcriptic,CRISPR_CEN.PK2_24961,Experiment,,,Synthetic_Complete,beta-estradiol,1.6e-06,mM,"['Synthetic_Complete|NA|NA', 'beta-estradiol|1.6e-06|mM']",30.0,celsius,0.035074553849311324,True,True,,,0.7419354838709677,
experiment.transcriptic.r1dtsch56yk5pq,e4,UWBF_24961,YeastSTATES-CRISPR-Dose-Response,transcriptic,CRISPR_CEN.PK2_24961,Experiment,,,Synthetic_Complete,beta-estradiol,1.6e-06,mM,"['Synthetic_Complete|NA|NA', 'beta-estradiol|1.6e-06|mM']",30.0,celsius,0.03510554852860246,True,True,,,0.7391304347826086,
experiment.transcriptic.r1dtsch56yk5pq,e5,UWBF_24961,YeastSTATES-CRISPR-Dose-Response,transcriptic,CRISPR_CEN.PK2_24961,Experiment,,,Synthetic_Complete,beta-estradiol,2.5e-06,mM,"['Synthetic_Complete|NA|NA', 'beta-estradiol|2.5e-06|mM']",30.0,celsius,0.03543463806224692,True,True,,,1.0,
experiment.transcriptic.r1dtsch56yk5pq,e6,UWBF_24961,YeastSTATES-CRISPR-Dose-Response,transcriptic,CRISPR_CEN.PK2_24961,Experiment,,,Synthetic_Complete,beta-estradiol,2.5e-06,mM,"['Synthetic_Complete|NA|NA', 'beta-estradiol|2.5e-06|mM']",30.0,celsius,0.03475229888821179,True,True,,,0.5714285714285714,
experiment.transcriptic.r1dtsch56yk5pq,e7,UWBF_24961,YeastSTATES-CRISPR-Dose-Response,transcriptic,CRISPR_CEN.PK2_24961,Experiment,,,Synthetic_Complete,beta-estradiol,4e-06,mM,"['Synthetic_Complete|NA|NA', 'beta-estradiol|4e-06|mM']",30.0,celsius,0.03602941045355219,True,True,,,0.9099099099099099,
experiment.transcriptic.r1dtsch56yk5pq,e8,UWBF_24961,YeastSTATES-CRISPR-Dose-Response,transcriptic,CRISPR_CEN.PK2_24961,Experiment,,,Synthetic_Complete,beta-estradiol,4e-06,mM,"['Synthetic_Complete|NA|NA', 'beta-estradiol|4e-06|mM']",30.0,celsius,0.03455615769652029,True,True,,,0.9728813559322034,
experiment.transcriptic.r1dtsch56yk5pq,e9,UWBF_24961,YeastSTATES-CRISPR-Dose-Response,transcriptic,CRISPR_CEN.PK2_24961,Experiment,,,Synthetic_Complete,beta-estradiol,6.3e-06,mM,"['Synthetic_Complete|NA|NA', 'beta-estradiol|6.3e-06|mM']",30.0,celsius,0.035010418231531226,True,True,,,0.9159663865546218,
experiment.transcriptic.r1dtsch56yk5pq,f1,UWBF_24962,YeastSTATES-CRISPR-Dose-Response,transcriptic,CRISPR_CEN.PK2_24962,Experiment,,,Synthetic_Complete,beta-estradiol,0.0,mM,"['Synthetic_Complete|NA|NA', 'beta-estradiol|0.0|mM']",30.0,celsius,0.036098165343846,True,True,,,0.9652777777777778,
experiment.transcriptic.r1dtsch56yk5pq,f10,UWBF_24962,YeastSTATES-CRISPR-Dose-Response,transcriptic,CRISPR_CEN.PK2_24962,Experiment,,,Synthetic_Complete,beta-estradiol,6.3e-06,mM,"['Synthetic_Complete|NA|NA', 'beta-estradiol|6.3e-06|mM']",30.0,celsius,0.034418028843097706,False,False,1.7588515984572504,0.00435785037042738,0.9939666666666667,
experiment.transcriptic.r1dtsch56yk5pq,f11,UWBF_24962,YeastSTATES-CRISPR-Dose-Response,transcriptic,CRISPR_CEN.PK2_24962,Experiment,,,Synthetic_Complete,beta-estradiol,1e-05,mM,"['Synthetic_Complete|NA|NA', 'beta-estradiol|1e-05|mM']",30.0,celsius,0.03662617033625946,False,False,2.5503523312968692,0.0105317475480642,0.9955666666666667,
experiment.transcriptic.r1dtsch56yk5pq,f12,UWBF_24962,YeastSTATES-CRISPR-Dose-Response,transcriptic,CRISPR_CEN.PK2_24962,Experiment,,,Synthetic_Complete,beta-estradiol,1e-05,mM,"['Synthetic_Complete|NA|NA', 'beta-estradiol|1e-05|mM']",30.0,celsius,0.03505650505346319,True,True,,,0.9797297297297297,
experiment.transcriptic.r1dtsch56yk5pq,f2,UWBF_24962,YeastSTATES-CRISPR-Dose-Response,transcriptic,CRISPR_CEN.PK2_24962,Experiment,,,Synthetic_Complete,beta-estradiol,0.0,mM,"['Synthetic_Complete|NA|NA', 'beta-estradiol|0.0|mM']",30.0,celsius,0.03491079055830919,True,True,,,0.9962057335581788,
experiment.transcriptic.r1dtsch56yk5pq,f3,UWBF_24962,YeastSTATES-CRISPR-Dose-Response,transcriptic,CRISPR_CEN.PK2_24962,Experiment,,,Synthetic_Complete,beta-estradiol,1.6e-06,mM,"['Synthetic_Complete|NA|NA', 'beta-estradiol|1.6e-06|mM']",30.0,celsius,0.035848607940135974,True,True,,,0.9852507374631269,
experiment.transcriptic.r1dtsch56yk5pq,f4,UWBF_24962,YeastSTATES-CRISPR-Dose-Response,transcriptic,CRISPR_CEN.PK2_24962,Experiment,,,Synthetic_Complete,beta-estradiol,1.6e-06,mM,"['Synthetic_Complete|NA|NA', 'beta-estradiol|1.6e-06|mM']",30.0,celsius,0.03507186636762842,True,True,,,0.9979257024325854,
experiment.transcriptic.r1dtsch56yk5pq,f5,UWBF_24962,YeastSTATES-CRISPR-Dose-Response,transcriptic,CRISPR_CEN.PK2_24962,Experiment,,,Synthetic_Complete,beta-estradiol,2.5e-06,mM,"['Synthetic_Complete|NA|NA', 'beta-estradiol|2.5e-06|mM']",30.0,celsius,0.0354096136683183,True,True,,,0.9841628959276018,
experiment.transcriptic.r1dtsch56yk5pq,f6,UWBF_24962,YeastSTATES-CRISPR-Dose-Response,transcriptic,CRISPR_CEN.PK2_24962,Experiment,,,Synthetic_Complete,beta-estradiol,2.5e-06,mM,"['Synthetic_Complete|NA|NA', 'beta-estradiol|2.5e-06|mM']",30.0,celsius,0.03677451488606491,True,True,,,0.9777478084962913,
experiment.transcriptic.r1dtsch56yk5pq,f7,UWBF_24962,YeastSTATES-CRISPR-Dose-Response,transcriptic,CRISPR_CEN.PK2_24962,Experiment,,,Synthetic_Complete,beta-estradiol,4e-06,mM,"['Synthetic_Complete|NA|NA', 'beta-estradiol|4e-06|mM']",30.0,celsius,0.035131077521270836,True,True,,,0.9385245901639344,
experiment.transcriptic.r1dtsch56yk5pq,f8,UWBF_24962,YeastSTATES-CRISPR-Dose-Response,transcriptic,CRISPR_CEN.PK2_24962,Experiment,,,Synthetic_Complete,beta-estradiol,4e-06,mM,"['Synthetic_Complete|NA|NA', 'beta-estradiol|4e-06|mM']",30.0,celsius,0.03629438819062715,False,False,1.8002386281388307,0.00520437656516391,0.9884,
experiment.transcriptic.r1dtsch56yk5pq,f9,UWBF_24962,YeastSTATES-CRISPR-Dose-Response,transcriptic,CRISPR_CEN.PK2_24962,Experiment,,,Synthetic_Complete,beta-estradiol,6.3e-06,mM,"['Synthetic_Complete|NA|NA', 'beta-estradiol|6.3e-06|mM']",30.0,celsius,0.035922009207924294,False,False,1.7066847750017098,0.004387215224245498,0.9948333333333333,
experiment.transcriptic.r1dtsch56yk5pq,g1,UWBF_25784,YeastSTATES-CRISPR-Dose-Response,transcriptic,CRISPR_CEN.PK2_inducible_FP_25784,Control,,,Synthetic_Complete,beta-estradiol,0.0,mM,"['Synthetic_Complete|NA|NA', 'beta-estradiol|0.0|mM']",30.0,celsius,0.03574600136748818,False,False,64713969.14382053,0.03559558703620889,0.9358974358974359,
experiment.transcriptic.r1dtsch56yk5pq,g10,UWBF_25784,YeastSTATES-CRISPR-Dose-Response,transcriptic,CRISPR_CEN.PK2_inducible_FP_25784,Control,,,Synthetic_Complete,beta-estradiol,6.3e-06,mM,"['Synthetic_Complete|NA|NA', 'beta-estradiol|6.3e-06|mM']",30.0,celsius,0.03456642782884828,False,False,682825194.7726437,0.034149168141799524,0.75,
experiment.transcriptic.r1dtsch56yk5pq,g11,UWBF_25784,YeastSTATES-CRISPR-Dose-Response,transcriptic,CRISPR_CEN.PK2_inducible_FP_25784,Control,,,Synthetic_Complete,beta-estradiol,1e-05,mM,"['Synthetic_Complete|NA|NA', 'beta-estradiol|1e-05|mM']",30.0,celsius,0.03681496721973487,False,False,559.0455697025579,0.03657471586117352,0.996003996003996,
experiment.transcriptic.r1dtsch56yk5pq,g12,UWBF_25784,YeastSTATES-CRISPR-Dose-Response,transcriptic,CRISPR_CEN.PK2_inducible_FP_25784,Control,,,Synthetic_Complete,beta-estradiol,1e-05,mM,"['Synthetic_Complete|NA|NA', 'beta-estradiol|1e-05|mM']",30.0,celsius,0.034982644520354864,False,False,8709.606935578913,0.03493309872807899,0.5581395348837209,
experiment.transcriptic.r1dtsch56yk5pq,g2,UWBF_25784,YeastSTATES-CRISPR-Dose-Response,transcriptic,CRISPR_CEN.PK2_inducible_FP_25784,Control,,,Synthetic_Complete,beta-estradiol,0.0,mM,"['Synthetic_Complete|NA|NA', 'beta-estradiol|0.0|mM']",30.0,celsius,0.03466400851169591,False,False,958316054.2115756,0.03444961618418565,0.9788732394366197,
experiment.transcriptic.r1dtsch56yk5pq,g3,UWBF_25784,YeastSTATES-CRISPR-Dose-Response,transcriptic,CRISPR_CEN.PK2_inducible_FP_25784,Control,,,Synthetic_Complete,beta-estradiol,1.6e-06,mM,"['Synthetic_Complete|NA|NA', 'beta-estradiol|1.6e-06|mM']",30.0,celsius,0.036083583120961625,False,False,4347.9886607941335,0.03599035541906875,0.9831460674157303,
experiment.transcriptic.r1dtsch56yk5pq,g4,UWBF_25784,YeastSTATES-CRISPR-Dose-Response,transcriptic,CRISPR_CEN.PK2_inducible_FP_25784,Control,,,Synthetic_Complete,beta-estradiol,1.6e-06,mM,"['Synthetic_Complete|NA|NA', 'beta-estradiol|1.6e-06|mM']",30.0,celsius,0.03578367031884087,False,False,1127604332.991366,0.035484905573020004,0.8823529411764706,
experiment.transcriptic.r1dtsch56yk5pq,g5,UWBF_25784,YeastSTATES-CRISPR-Dose-Response,transcriptic,CRISPR_CEN.PK2_inducible_FP_25784,Control,,,Synthetic_Complete,beta-estradiol,2.5e-06,mM,"['Synthetic_Complete|NA|NA', 'beta-estradiol|2.5e-06|mM']",30.0,celsius,0.03489754413622979,False,False,5953.2455036011925,0.03480668679471688,0.965,
experiment.transcriptic.r1dtsch56yk5pq,g6,UWBF_25784,YeastSTATES-CRISPR-Dose-Response,transcriptic,CRISPR_CEN.PK2_inducible_FP_25784,Control,,,Synthetic_Complete,beta-estradiol,2.5e-06,mM,"['Synthetic_Complete|NA|NA', 'beta-estradiol|2.5e-06|mM']",30.0,celsius,0.03560716374795485,False,False,2157112775.623305,0.03535425763122906,0.9952996474735605,
experiment.transcriptic.r1dtsch56yk5pq,g7,UWBF_25784,YeastSTATES-CRISPR-Dose-Response,transcriptic,CRISPR_CEN.PK2_inducible_FP_25784,Control,,,Synthetic_Complete,beta-estradiol,4e-06,mM,"['Synthetic_Complete|NA|NA', 'beta-estradiol|4e-06|mM']",30.0,celsius,0.035977109407669516,False,False,358870509.03228515,0.03578761759952718,0.9865016872890888,
experiment.transcriptic.r1dtsch56yk5pq,g8,UWBF_25784,YeastSTATES-CRISPR-Dose-Response,transcriptic,CRISPR_CEN.PK2_inducible_FP_25784,Control,,,Synthetic_Complete,beta-estradiol,4e-06,mM,"['Synthetic_Complete|NA|NA', 'beta-estradiol|4e-06|mM']",30.0,celsius,0.035528033560967065,False,False,624218659.5733733,0.035288372132097026,0.6666666666666666,
experiment.transcriptic.r1dtsch56yk5pq,g9,UWBF_25784,YeastSTATES-CRISPR-Dose-Response,transcriptic,CRISPR_CEN.PK2_inducible_FP_25784,Control,,,Synthetic_Complete,beta-estradiol,6.3e-06,mM,"['Synthetic_Complete|NA|NA', 'beta-estradiol|6.3e-06|mM']",30.0,celsius,0.035251385596140564,False,False,440.20445898535326,0.03494230286663886,0.9802130898021308,
experiment.transcriptic.r1dtsch56yk5pq,h1,UWBF_24864,YeastSTATES-CRISPR-Dose-Response,transcriptic,CRISPR_CEN.PK2_positive_control_NOR_00_24864,Control,,HIGH_FITC,Synthetic_Complete,beta-estradiol,0.0,mM,"['Synthetic_Complete|NA|NA', 'beta-estradiol|0.0|mM']",30.0,celsius,0.035361242461781954,False,False,1077838229.0821548,0.03534762342708928,0.3593350383631714,
experiment.transcriptic.r1dtsch56yk5pq,h2,UWBF_24864,YeastSTATES-CRISPR-Dose-Response,transcriptic,CRISPR_CEN.PK2_positive_control_NOR_00_24864,Control,,HIGH_FITC,Synthetic_Complete,beta-estradiol,0.0,mM,"['Synthetic_Complete|NA|NA', 'beta-estradiol|0.0|mM']",30.0,celsius,0.0349361903106834,False,False,3051424190.7687287,0.03466273968671025,0.4444444444444444,
experiment.transcriptic.r1dtsch56yk5pq,h3,UWBF_24864,YeastSTATES-CRISPR-Dose-Response,transcriptic,CRISPR_CEN.PK2_positive_control_NOR_00_24864,Control,,HIGH_FITC,Synthetic_Complete,beta-estradiol,1.6e-06,mM,"['Synthetic_Complete|NA|NA', 'beta-estradiol|1.6e-06|mM']",30.0,celsius,0.03403932566628075,False,False,1860.2248593651789,0.033938645424151516,0.6153846153846154,
experiment.transcriptic.r1dtsch56yk5pq,h4,UWBF_23970,YeastSTATES-CRISPR-Dose-Response,transcriptic,CRISPR_CEN.PK2_negative_control_23970,Control,,EMPTY_VECTOR,Synthetic_Complete,beta-estradiol,1.6e-06,mM,"['Synthetic_Complete|NA|NA', 'beta-estradiol|1.6e-06|mM']",30.0,celsius,0.03442097459143168,False,False,164962354.49684933,0.03424052149753157,0.5641025641025641,
experiment.transcriptic.r1dtsch56yk5pq,h5,UWBF_23970,YeastSTATES-CRISPR-Dose-Response,transcriptic,CRISPR_CEN.PK2_negative_control_23970,Control,,EMPTY_VECTOR,Synthetic_Complete,beta-estradiol,2.5e-06,mM,"['Synthetic_Complete|NA|NA', 'beta-estradiol|2.5e-06|mM']",30.0,celsius,0.03515120611949855,False,False,234888267.63881105,0.03496246379488549,0.9818731117824774,
experiment.transcriptic.r1dtsch56yk5pq,h6,UWBF_23970,YeastSTATES-CRISPR-Dose-Response,transcriptic,CRISPR_CEN.PK2_negative_control_23970,Control,,EMPTY_VECTOR,Synthetic_Complete,beta-estradiol,2.5e-06,mM,"['Synthetic_Complete|NA|NA', 'beta-estradiol|2.5e-06|mM']",30.0,celsius,0.03486365549193754,False,False,316.0447439389921,0.034457244746192266,0.9095238095238095,
experiment.transcriptic.r1dtsch56yk5pq,h7,UWBF_6390,YeastSTATES-CRISPR-Dose-Response,transcriptic,CRISPR_w303_positive_control_NOR_00_6390,Control,,HIGH_FITC,Synthetic_Complete,beta-estradiol,4e-06,mM,"['Synthetic_Complete|NA|NA', 'beta-estradiol|4e-06|mM']",30.0,celsius,0.0337951469172415,False,False,4562.495552520094,0.033720959943856224,0.9576059850374065,
experiment.transcriptic.r1dtsch56yk5pq,h8,UWBF_6390,YeastSTATES-CRISPR-Dose-Response,transcriptic,CRISPR_w303_positive_control_NOR_00_6390,Control,,HIGH_FITC,Synthetic_Complete,beta-estradiol,4e-06,mM,"['Synthetic_Complete|NA|NA', 'beta-estradiol|4e-06|mM']",30.0,celsius,0.044523358737443335,False,False,4.850754622949483,0.15941954671376013,0.9219,
experiment.transcriptic.r1dtsch56yk5pq,h9,UWBF_6390,YeastSTATES-CRISPR-Dose-Response,transcriptic,CRISPR_w303_positive_control_NOR_00_6390,Control,,HIGH_FITC,Synthetic_Complete,beta-estradiol,6.3e-06,mM,"['Synthetic_Complete|NA|NA', 'beta-estradiol|6.3e-06|mM']",30.0,celsius,0.034897042122690736,False,False,2.07426752876764,0.00650271547557645,0.9814333333333334,
experiment.transcriptic.r1dtscjen6f3yx,a1,UWBF_24926,YeastSTATES-CRISPR-Dose-Response,transcriptic,CRISPR_CEN.PK2_24926,Experiment,,,Synthetic_Complete,beta-estradiol,1.58e-05,mM,"['Synthetic_Complete|NA|NA', 'beta-estradiol|1.58e-05|mM']",30.0,celsius,0.03323300592891886,False,False,1.7680772986290132,0.03323300592891886,0.29595015576323985,
experiment.transcriptic.r1dtscjen6f3yx,a10,UWBF_24926,YeastSTATES-CRISPR-Dose-Response,transcriptic,CRISPR_CEN.PK2_24926,Experiment,,,Synthetic_Complete,beta-estradiol,0.0001,mM,"['Synthetic_Complete|NA|NA', 'beta-estradiol|0.0001|mM']",30.0,celsius,0.033019307683937536,True,True,,,0.7738791423001949,
experiment.transcriptic.r1dtscjen6f3yx,a11,UWBF_24926,YeastSTATES-CRISPR-Dose-Response,transcriptic,CRISPR_CEN.PK2_24926,Experiment,,,Synthetic_Complete,beta-estradiol,0.0002,mM,"['Synthetic_Complete|NA|NA', 'beta-estradiol|0.0002|mM']",30.0,celsius,0.03364776020426985,True,True,,,0.665871121718377,
experiment.transcriptic.r1dtscjen6f3yx,a12,UWBF_24926,YeastSTATES-CRISPR-Dose-Response,transcriptic,CRISPR_CEN.PK2_24926,Experiment,,,Synthetic_Complete,beta-estradiol,0.0002,mM,"['Synthetic_Complete|NA|NA', 'beta-estradiol|0.0002|mM']",30.0,celsius,0.03444238159701303,True,True,,,0.6388888888888888,
experiment.transcriptic.r1dtscjen6f3yx,a2,UWBF_24926,YeastSTATES-CRISPR-Dose-Response,transcriptic,CRISPR_CEN.PK2_24926,Experiment,,,Synthetic_Complete,beta-estradiol,1.58e-05,mM,"['Synthetic_Complete|NA|NA', 'beta-estradiol|1.58e-05|mM']",30.0,celsius,0.16681314705626765,False,False,2.8486857732448616,0.16681314705626765,0.9411,
experiment.transcriptic.r1dtscjen6f3yx,a3,UWBF_24926,YeastSTATES-CRISPR-Dose-Response,transcriptic,CRISPR_CEN.PK2_24926,Experiment,,,Synthetic_Complete,beta-estradiol,2.51e-05,mM,"['Synthetic_Complete|NA|NA', 'beta-estradiol|2.51e-05|mM']",30.0,celsius,0.03449166788964088,True,True,,,0.7913148371531966,
experiment.transcriptic.r1dtscjen6f3yx,a4,UWBF_24926,YeastSTATES-CRISPR-Dose-Response,transcriptic,CRISPR_CEN.PK2_24926,Experiment,,,Synthetic_Complete,beta-estradiol,2.51e-05,mM,"['Synthetic_Complete|NA|NA', 'beta-estradiol|2.51e-05|mM']",30.0,celsius,0.03446809480702768,True,True,,,0.3416149068322981,
experiment.transcriptic.r1dtscjen6f3yx,a5,UWBF_24926,YeastSTATES-CRISPR-Dose-Response,transcriptic,CRISPR_CEN.PK2_24926,Experiment,,,Synthetic_Complete,beta-estradiol,3.98e-05,mM,"['Synthetic_Complete|NA|NA', 'beta-estradiol|3.98e-05|mM']",30.0,celsius,0.033470406037091005,True,True,,,0.432,
experiment.transcriptic.r1dtscjen6f3yx,a6,UWBF_24926,YeastSTATES-CRISPR-Dose-Response,transcriptic,CRISPR_CEN.PK2_24926,Experiment,,,Synthetic_Complete,beta-estradiol,3.98e-05,mM,"['Synthetic_Complete|NA|NA', 'beta-estradiol|3.98e-05|mM']",30.0,celsius,0.03355394430771788,True,True,,,0.32752613240418116,
experiment.transcriptic.r1dtscjen6f3yx,a7,UWBF_24926,YeastSTATES-CRISPR-Dose-Response,transcriptic,CRISPR_CEN.PK2_24926,Experiment,,,Synthetic_Complete,beta-estradiol,6.31e-05,mM,"['Synthetic_Complete|NA|NA', 'beta-estradiol|6.31e-05|mM']",30.0,celsius,0.7486844990586831,False,False,8.511582325314402,0.7486844990586831,0.863,
experiment.transcriptic.r1dtscjen6f3yx,a8,UWBF_24926,YeastSTATES-CRISPR-Dose-Response,transcriptic,CRISPR_CEN.PK2_24926,Experiment,,,Synthetic_Complete,beta-estradiol,6.31e-05,mM,"['Synthetic_Complete|NA|NA', 'beta-estradiol|6.31e-05|mM']",30.0,celsius,0.03465027542197633,True,True,,,0.8635235732009926,
experiment.transcriptic.r1dtscjen6f3yx,a9,UWBF_24926,YeastSTATES-CRISPR-Dose-Response,transcriptic,CRISPR_CEN.PK2_24926,Experiment,,,Synthetic_Complete,beta-estradiol,0.0001,mM,"['Synthetic_Complete|NA|NA', 'beta-estradiol|0.0001|mM']",30.0,celsius,0.6256792852241121,False,False,28.38628931675641,0.6256792852241121,0.8980333333333334,
experiment.transcriptic.r1dtscjen6f3yx,b1,UWBF_24952,YeastSTATES-CRISPR-Dose-Response,transcriptic,CRISPR_CEN.PK2_24952,Experiment,,,Synthetic_Complete,beta-estradiol,1.58e-05,mM,"['Synthetic_Complete|NA|NA', 'beta-estradiol|1.58e-05|mM']",30.0,celsius,0.034151860370641635,True,True,,,0.5844748858447488,
experiment.transcriptic.r1dtscjen6f3yx,b10,UWBF_24952,YeastSTATES-CRISPR-Dose-Response,transcriptic,CRISPR_CEN.PK2_24952,Experiment,,,Synthetic_Complete,beta-estradiol,0.0001,mM,"['Synthetic_Complete|NA|NA', 'beta-estradiol|0.0001|mM']",30.0,celsius,0.03608531924001138,True,True,,,0.5794871794871795,
experiment.transcriptic.r1dtscjen6f3yx,b11,UWBF_24952,YeastSTATES-CRISPR-Dose-Response,transcriptic,CRISPR_CEN.PK2_24952,Experiment,,,Synthetic_Complete,beta-estradiol,0.0002,mM,"['Synthetic_Complete|NA|NA', 'beta-estradiol|0.0002|mM']",30.0,celsius,0.7627622967232707,False,False,11.292791922122786,0.7627622967232707,0.9075666666666666,
experiment.transcriptic.r1dtscjen6f3yx,b12,UWBF_24952,YeastSTATES-CRISPR-Dose-Response,transcriptic,CRISPR_CEN.PK2_24952,Experiment,,,Synthetic_Complete,beta-estradiol,0.0002,mM,"['Synthetic_Complete|NA|NA', 'beta-estradiol|0.0002|mM']",30.0,celsius,0.03494291067582776,True,True,,,0.8861256544502618,
experiment.transcriptic.r1dtscjen6f3yx,b2,UWBF_24952,YeastSTATES-CRISPR-Dose-Response,transcriptic,CRISPR_CEN.PK2_24952,Experiment,,,Synthetic_Complete,beta-estradiol,1.58e-05,mM,"['Synthetic_Complete|NA|NA', 'beta-estradiol|1.58e-05|mM']",30.0,celsius,0.035662016224895336,True,True,,,0.484472049689441,
experiment.transcriptic.r1dtscjen6f3yx,b3,UWBF_24952,YeastSTATES-CRISPR-Dose-Response,transcriptic,CRISPR_CEN.PK2_24952,Experiment,,,Synthetic_Complete,beta-estradiol,2.51e-05,mM,"['Synthetic_Complete|NA|NA', 'beta-estradiol|2.51e-05|mM']",30.0,celsius,0.033584704571198484,True,True,,,0.5145985401459854,
experiment.transcriptic.r1dtscjen6f3yx,b4,UWBF_24952,YeastSTATES-CRISPR-Dose-Response,transcriptic,CRISPR_CEN.PK2_24952,Experiment,,,Synthetic_Complete,beta-estradiol,2.51e-05,mM,"['Synthetic_Complete|NA|NA', 'beta-estradiol|2.51e-05|mM']",30.0,celsius,0.0351999568613424,True,True,,,0.5076923076923077,
experiment.transcriptic.r1dtscjen6f3yx,b5,UWBF_24952,YeastSTATES-CRISPR-Dose-Response,transcriptic,CRISPR_CEN.PK2_24952,Experiment,,,Synthetic_Complete,beta-estradiol,3.98e-05,mM,"['Synthetic_Complete|NA|NA', 'beta-estradiol|3.98e-05|mM']",30.0,celsius,0.038960129081030304,False,False,1.7337935376551836,0.038960129081030304,0.9949071486243091,
experiment.transcriptic.r1dtscjen6f3yx,b6,UWBF_24952,YeastSTATES-CRISPR-Dose-Response,transcriptic,CRISPR_CEN.PK2_24952,Experiment,,,Synthetic_Complete,beta-estradiol,3.98e-05,mM,"['Synthetic_Complete|NA|NA', 'beta-estradiol|3.98e-05|mM']",30.0,celsius,0.5536478590482073,False,False,4.819098164373213,0.5536478590482073,0.9489666666666666,
experiment.transcriptic.r1dtscjen6f3yx,b7,UWBF_24952,YeastSTATES-CRISPR-Dose-Response,transcriptic,CRISPR_CEN.PK2_24952,Experiment,,,Synthetic_Complete,beta-estradiol,6.31e-05,mM,"['Synthetic_Complete|NA|NA', 'beta-estradiol|6.31e-05|mM']",30.0,celsius,0.03465718543679545,True,True,,,0.8250728862973761,
experiment.transcriptic.r1dtscjen6f3yx,b8,UWBF_24952,YeastSTATES-CRISPR-Dose-Response,transcriptic,CRISPR_CEN.PK2_24952,Experiment,,,Synthetic_Complete,beta-estradiol,6.31e-05,mM,"['Synthetic_Complete|NA|NA', 'beta-estradiol|6.31e-05|mM']",30.0,celsius,0.0343852877627091,True,True,,,0.7022222222222222,
experiment.transcriptic.r1dtscjen6f3yx,b9,UWBF_24952,YeastSTATES-CRISPR-Dose-Response,transcriptic,CRISPR_CEN.PK2_24952,Experiment,,,Synthetic_Complete,beta-estradiol,0.0001,mM,"['Synthetic_Complete|NA|NA', 'beta-estradiol|0.0001|mM']",30.0,celsius,0.035160939640194164,True,True,,,0.6565656565656566,
experiment.transcriptic.r1dtscjen6f3yx,c1,UWBF_24959,YeastSTATES-CRISPR-Dose-Response,transcriptic,CRISPR_CEN.PK2_24959,Experiment,,,Synthetic_Complete,beta-estradiol,1.58e-05,mM,"['Synthetic_Complete|NA|NA', 'beta-estradiol|1.58e-05|mM']",30.0,celsius,0.033855525748342004,True,True,,,0.7863247863247863,
experiment.transcriptic.r1dtscjen6f3yx,c10,UWBF_24959,YeastSTATES-CRISPR-Dose-Response,transcriptic,CRISPR_CEN.PK2_24959,Experiment,,,Synthetic_Complete,beta-estradiol,0.0001,mM,"['Synthetic_Complete|NA|NA', 'beta-estradiol|0.0001|mM']",30.0,celsius,0.03487391360544958,True,True,,,0.9503722084367245,
experiment.transcriptic.r1dtscjen6f3yx,c11,UWBF_24959,YeastSTATES-CRISPR-Dose-Response,transcriptic,CRISPR_CEN.PK2_24959,Experiment,,,Synthetic_Complete,beta-estradiol,0.0002,mM,"['Synthetic_Complete|NA|NA', 'beta-estradiol|0.0002|mM']",30.0,celsius,0.6147440025080275,False,False,5.144057248956306,0.6147440025080275,0.9663333333333334,
experiment.transcriptic.r1dtscjen6f3yx,c12,UWBF_24959,YeastSTATES-CRISPR-Dose-Response,transcriptic,CRISPR_CEN.PK2_24959,Experiment,,,Synthetic_Complete,beta-estradiol,0.0002,mM,"['Synthetic_Complete|NA|NA', 'beta-estradiol|0.0002|mM']",30.0,celsius,0.6880021590388871,False,False,9.506316687138623,0.6880021590388871,0.9842666666666666,
experiment.transcriptic.r1dtscjen6f3yx,c2,UWBF_24959,YeastSTATES-CRISPR-Dose-Response,transcriptic,CRISPR_CEN.PK2_24959,Experiment,,,Synthetic_Complete,beta-estradiol,1.58e-05,mM,"['Synthetic_Complete|NA|NA', 'beta-estradiol|1.58e-05|mM']",30.0,celsius,0.03534290795102683,True,True,,,0.6647727272727273,
experiment.transcriptic.r1dtscjen6f3yx,c3,UWBF_24959,YeastSTATES-CRISPR-Dose-Response,transcriptic,CRISPR_CEN.PK2_24959,Experiment,,,Synthetic_Complete,beta-estradiol,2.51e-05,mM,"['Synthetic_Complete|NA|NA', 'beta-estradiol|2.51e-05|mM']",30.0,celsius,0.033715696364965984,True,True,,,0.6834532374100719,
experiment.transcriptic.r1dtscjen6f3yx,c4,UWBF_24959,YeastSTATES-CRISPR-Dose-Response,transcriptic,CRISPR_CEN.PK2_24959,Experiment,,,Synthetic_Complete,beta-estradiol,2.51e-05,mM,"['Synthetic_Complete|NA|NA', 'beta-estradiol|2.51e-05|mM']",30.0,celsius,0.03463503635706912,True,True,,,0.7522123893805309,
experiment.transcriptic.r1dtscjen6f3yx,c5,UWBF_24959,YeastSTATES-CRISPR-Dose-Response,transcriptic,CRISPR_CEN.PK2_24959,Experiment,,,Synthetic_Complete,beta-estradiol,3.98e-05,mM,"['Synthetic_Complete|NA|NA', 'beta-estradiol|3.98e-05|mM']",30.0,celsius,0.03432886362015105,True,True,,,0.7222222222222222,
experiment.transcriptic.r1dtscjen6f3yx,c6,UWBF_24959,YeastSTATES-CRISPR-Dose-Response,transcriptic,CRISPR_CEN.PK2_24959,Experiment,,,Synthetic_Complete,beta-estradiol,3.98e-05,mM,"['Synthetic_Complete|NA|NA', 'beta-estradiol|3.98e-05|mM']",30.0,celsius,0.272783887310199,False,False,5.9274178610274495,0.272783887310199,0.9849333333333333,
experiment.transcriptic.r1dtscjen6f3yx,c7,UWBF_24959,YeastSTATES-CRISPR-Dose-Response,transcriptic,CRISPR_CEN.PK2_24959,Experiment,,,Synthetic_Complete,beta-estradiol,6.31e-05,mM,"['Synthetic_Complete|NA|NA', 'beta-estradiol|6.31e-05|mM']",30.0,celsius,0.29215021847082656,False,False,3.752016325375527,0.29215021847082656,0.9635666666666667,
experiment.transcriptic.r1dtscjen6f3yx,c8,UWBF_24959,YeastSTATES-CRISPR-Dose-Response,transcriptic,CRISPR_CEN.PK2_24959,Experiment,,,Synthetic_Complete,beta-estradiol,6.31e-05,mM,"['Synthetic_Complete|NA|NA', 'beta-estradiol|6.31e-05|mM']",30.0,celsius,0.035161779495228404,True,True,,,0.9077306733167082,
experiment.transcriptic.r1dtscjen6f3yx,c9,UWBF_24959,YeastSTATES-CRISPR-Dose-Response,transcriptic,CRISPR_CEN.PK2_24959,Experiment,,,Synthetic_Complete,beta-estradiol,0.0001,mM,"['Synthetic_Complete|NA|NA', 'beta-estradiol|0.0001|mM']",30.0,celsius,0.6036908565079009,False,False,5.811506234817765,0.6036908565079009,0.9215666666666666,
experiment.transcriptic.r1dtscjen6f3yx,d1,UWBF_24960,YeastSTATES-CRISPR-Dose-Response,transcriptic,CRISPR_CEN.PK2_24960,Experiment,,,Synthetic_Complete,beta-estradiol,1.58e-05,mM,"['Synthetic_Complete|NA|NA', 'beta-estradiol|1.58e-05|mM']",30.0,celsius,0.03357686079713272,True,True,,,0.9611650485436893,
experiment.transcriptic.r1dtscjen6f3yx,d10,UWBF_24960,YeastSTATES-CRISPR-Dose-Response,transcriptic,CRISPR_CEN.PK2_24960,Experiment,,,Synthetic_Complete,beta-estradiol,0.0001,mM,"['Synthetic_Complete|NA|NA', 'beta-estradiol|0.0001|mM']",30.0,celsius,0.03479426799786793,False,False,5.550904429998784,0.03479426799786793,0.9804147465437788,
experiment.transcriptic.r1dtscjen6f3yx,d11,UWBF_24960,YeastSTATES-CRISPR-Dose-Response,transcriptic,CRISPR_CEN.PK2_24960,Experiment,,,Synthetic_Complete,beta-estradiol,0.0002,mM,"['Synthetic_Complete|NA|NA', 'beta-estradiol|0.0002|mM']",30.0,celsius,0.5125748083627218,False,False,4.050719356050972,0.5125748083627218,0.9530666666666666,
experiment.transcriptic.r1dtscjen6f3yx,d12,UWBF_24960,YeastSTATES-CRISPR-Dose-Response,transcriptic,CRISPR_CEN.PK2_24960,Experiment,,,Synthetic_Complete,beta-estradiol,0.0002,mM,"['Synthetic_Complete|NA|NA', 'beta-estradiol|0.0002|mM']",30.0,celsius,0.5352521825947587,False,False,4.735263315678712,0.5352521825947587,0.969,
experiment.transcriptic.r1dtscjen6f3yx,d2,UWBF_24960,YeastSTATES-CRISPR-Dose-Response,transcriptic,CRISPR_CEN.PK2_24960,Experiment,,,Synthetic_Complete,beta-estradiol,1.58e-05,mM,"['Synthetic_Complete|NA|NA', 'beta-estradiol|1.58e-05|mM']",30.0,celsius,0.03527210810159029,True,True,,,0.8830645161290323,
experiment.transcriptic.r1dtscjen6f3yx,d3,UWBF_24960,YeastSTATES-CRISPR-Dose-Response,transcriptic,CRISPR_CEN.PK2_24960,Experiment,,,Synthetic_Complete,beta-estradiol,2.51e-05,mM,"['Synthetic_Complete|NA|NA', 'beta-estradiol|2.51e-05|mM']",30.0,celsius,0.03417447303786803,True,True,,,0.902542372881356,
experiment.transcriptic.r1dtscjen6f3yx,d4,UWBF_24960,YeastSTATES-CRISPR-Dose-Response,transcriptic,CRISPR_CEN.PK2_24960,Experiment,,,Synthetic_Complete,beta-estradiol,2.51e-05,mM,"['Synthetic_Complete|NA|NA', 'beta-estradiol|2.51e-05|mM']",30.0,celsius,0.6145160642323393,False,False,8.13521207692193,0.6145160642323393,0.9290666666666667,
experiment.transcriptic.r1dtscjen6f3yx,d5,UWBF_24960,YeastSTATES-CRISPR-Dose-Response,transcriptic,CRISPR_CEN.PK2_24960,Experiment,,,Synthetic_Complete,beta-estradiol,3.98e-05,mM,"['Synthetic_Complete|NA|NA', 'beta-estradiol|3.98e-05|mM']",30.0,celsius,0.03424440921095757,False,False,1.9101804217480909,0.03424440921095757,0.9681190223166843,
experiment.transcriptic.r1dtscjen6f3yx,d6,UWBF_24960,YeastSTATES-CRISPR-Dose-Response,transcriptic,CRISPR_CEN.PK2_24960,Experiment,,,Synthetic_Complete,beta-estradiol,3.98e-05,mM,"['Synthetic_Complete|NA|NA', 'beta-estradiol|3.98e-05|mM']",30.0,celsius,0.5161394476333726,False,True,,,0.9685333333333334,
experiment.transcriptic.r1dtscjen6f3yx,d7,UWBF_24960,YeastSTATES-CRISPR-Dose-Response,transcriptic,CRISPR_CEN.PK2_24960,Experiment,,,Synthetic_Complete,beta-estradiol,6.31e-05,mM,"['Synthetic_Complete|NA|NA', 'beta-estradiol|6.31e-05|mM']",30.0,celsius,0.03367611230231688,True,True,,,0.9293193717277487,
experiment.transcriptic.r1dtscjen6f3yx,d8,UWBF_24960,YeastSTATES-CRISPR-Dose-Response,transcriptic,CRISPR_CEN.PK2_24960,Experiment,,,Synthetic_Complete,beta-estradiol,6.31e-05,mM,"['Synthetic_Complete|NA|NA', 'beta-estradiol|6.31e-05|mM']",30.0,celsius,0.034385476455094224,True,True,,,0.9138888888888889,
experiment.transcriptic.r1dtscjen6f3yx,d9,UWBF_24960,YeastSTATES-CRISPR-Dose-Response,transcriptic,CRISPR_CEN.PK2_24960,Experiment,,,Synthetic_Complete,beta-estradiol,0.0001,mM,"['Synthetic_Complete|NA|NA', 'beta-estradiol|0.0001|mM']",30.0,celsius,0.6818094876054839,False,False,5.965789479740965,0.6818094876054839,0.9596,
experiment.transcriptic.r1dtscjen6f3yx,e1,UWBF_24961,YeastSTATES-CRISPR-Dose-Response,transcriptic,CRISPR_CEN.PK2_24961,Experiment,,,Synthetic_Complete,beta-estradiol,1.58e-05,mM,"['Synthetic_Complete|NA|NA', 'beta-estradiol|1.58e-05|mM']",30.0,celsius,0.034629226209067575,True,True,,,0.9515418502202643,
experiment.transcriptic.r1dtscjen6f3yx,e10,UWBF_24961,YeastSTATES-CRISPR-Dose-Response,transcriptic,CRISPR_CEN.PK2_24961,Experiment,,,Synthetic_Complete,beta-estradiol,0.0001,mM,"['Synthetic_Complete|NA|NA', 'beta-estradiol|0.0001|mM']",30.0,celsius,0.033704872054997864,True,True,,,0.7560975609756098,
experiment.transcriptic.r1dtscjen6f3yx,e11,UWBF_24961,YeastSTATES-CRISPR-Dose-Response,transcriptic,CRISPR_CEN.PK2_24961,Experiment,,,Synthetic_Complete,beta-estradiol,0.0002,mM,"['Synthetic_Complete|NA|NA', 'beta-estradiol|0.0002|mM']",30.0,celsius,0.050954865916492384,False,False,2.226852613436144,0.050954865916492384,0.9763,
experiment.transcriptic.r1dtscjen6f3yx,e12,UWBF_24961,YeastSTATES-CRISPR-Dose-Response,transcriptic,CRISPR_CEN.PK2_24961,Experiment,,,Synthetic_Complete,beta-estradiol,0.0002,mM,"['Synthetic_Complete|NA|NA', 'beta-estradiol|0.0002|mM']",30.0,celsius,0.033605777812510944,True,True,,,0.84,
experiment.transcriptic.r1dtscjen6f3yx,e2,UWBF_24961,YeastSTATES-CRISPR-Dose-Response,transcriptic,CRISPR_CEN.PK2_24961,Experiment,,,Synthetic_Complete,beta-estradiol,1.58e-05,mM,"['Synthetic_Complete|NA|NA', 'beta-estradiol|1.58e-05|mM']",30.0,celsius,0.034483901610787605,True,True,,,0.9460966542750929,
experiment.transcriptic.r1dtscjen6f3yx,e3,UWBF_24961,YeastSTATES-CRISPR-Dose-Response,transcriptic,CRISPR_CEN.PK2_24961,Experiment,,,Synthetic_Complete,beta-estradiol,2.51e-05,mM,"['Synthetic_Complete|NA|NA', 'beta-estradiol|2.51e-05|mM']",30.0,celsius,0.03424671380112463,True,True,,,0.9378698224852071,
experiment.transcriptic.r1dtscjen6f3yx,e4,UWBF_24961,YeastSTATES-CRISPR-Dose-Response,transcriptic,CRISPR_CEN.PK2_24961,Experiment,,,Synthetic_Complete,beta-estradiol,2.51e-05,mM,"['Synthetic_Complete|NA|NA', 'beta-estradiol|2.51e-05|mM']",30.0,celsius,0.034144454598456365,True,True,,,0.9065420560747663,
experiment.transcriptic.r1dtscjen6f3yx,e5,UWBF_24961,YeastSTATES-CRISPR-Dose-Response,transcriptic,CRISPR_CEN.PK2_24961,Experiment,,,Synthetic_Complete,beta-estradiol,3.98e-05,mM,"['Synthetic_Complete|NA|NA', 'beta-estradiol|3.98e-05|mM']",30.0,celsius,0.034538366850695244,True,True,,,0.8876404494382022,
experiment.transcriptic.r1dtscjen6f3yx,e6,UWBF_24961,YeastSTATES-CRISPR-Dose-Response,transcriptic,CRISPR_CEN.PK2_24961,Experiment,,,Synthetic_Complete,beta-estradiol,3.98e-05,mM,"['Synthetic_Complete|NA|NA', 'beta-estradiol|3.98e-05|mM']",30.0,celsius,0.033545421490242804,True,True,,,0.82,
experiment.transcriptic.r1dtscjen6f3yx,e7,UWBF_24961,YeastSTATES-CRISPR-Dose-Response,transcriptic,CRISPR_CEN.PK2_24961,Experiment,,,Synthetic_Complete,beta-estradiol,6.31e-05,mM,"['Synthetic_Complete|NA|NA', 'beta-estradiol|6.31e-05|mM']",30.0,celsius,0.03507987413090078,True,True,,,0.9066666666666666,
experiment.transcriptic.r1dtscjen6f3yx,e8,UWBF_24961,YeastSTATES-CRISPR-Dose-Response,transcriptic,CRISPR_CEN.PK2_24961,Experiment,,,Synthetic_Complete,beta-estradiol,6.31e-05,mM,"['Synthetic_Complete|NA|NA', 'beta-estradiol|6.31e-05|mM']",30.0,celsius,0.03361336417621394,True,True,,,0.8507462686567164,
experiment.transcriptic.r1dtscjen6f3yx,e9,UWBF_24961,YeastSTATES-CRISPR-Dose-Response,transcriptic,CRISPR_CEN.PK2_24961,Experiment,,,Synthetic_Complete,beta-estradiol,0.0001,mM,"['Synthetic_Complete|NA|NA', 'beta-estradiol|0.0001|mM']",30.0,celsius,0.03546869181513057,False,False,3.735316320400042,0.03546869181513057,0.989989644459786,
experiment.transcriptic.r1dtscjen6f3yx,f1,UWBF_24962,YeastSTATES-CRISPR-Dose-Response,transcriptic,CRISPR_CEN.PK2_24962,Experiment,,,Synthetic_Complete,beta-estradiol,1.58e-05,mM,"['Synthetic_Complete|NA|NA', 'beta-estradiol|1.58e-05|mM']",30.0,celsius,0.035216225193161727,True,True,,,0.9047619047619048,
experiment.transcriptic.r1dtscjen6f3yx,f10,UWBF_24962,YeastSTATES-CRISPR-Dose-Response,transcriptic,CRISPR_CEN.PK2_24962,Experiment,,,Synthetic_Complete,beta-estradiol,0.0001,mM,"['Synthetic_Complete|NA|NA', 'beta-estradiol|0.0001|mM']",30.0,celsius,0.033508358729429526,True,True,,,0.9390862944162437,
experiment.transcriptic.r1dtscjen6f3yx,f11,UWBF_24962,YeastSTATES-CRISPR-Dose-Response,transcriptic,CRISPR_CEN.PK2_24962,Experiment,,,Synthetic_Complete,beta-estradiol,0.0002,mM,"['Synthetic_Complete|NA|NA', 'beta-estradiol|0.0002|mM']",30.0,celsius,0.8711843999529816,False,False,14.56553693653493,0.8711843999529816,0.9276666666666666,
experiment.transcriptic.r1dtscjen6f3yx,f12,UWBF_24962,YeastSTATES-CRISPR-Dose-Response,transcriptic,CRISPR_CEN.PK2_24962,Experiment,,,Synthetic_Complete,beta-estradiol,0.0002,mM,"['Synthetic_Complete|NA|NA', 'beta-estradiol|0.0002|mM']",30.0,celsius,0.033851688024743684,True,True,,,0.9791332263242376,
experiment.transcriptic.r1dtscjen6f3yx,f2,UWBF_24962,YeastSTATES-CRISPR-Dose-Response,transcriptic,CRISPR_CEN.PK2_24962,Experiment,,,Synthetic_Complete,beta-estradiol,1.58e-05,mM,"['Synthetic_Complete|NA|NA', 'beta-estradiol|1.58e-05|mM']",30.0,celsius,0.6012974672593052,False,False,5.2637206655501885,0.6012974672593052,0.9101333333333333,
experiment.transcriptic.r1dtscjen6f3yx,f3,UWBF_24962,YeastSTATES-CRISPR-Dose-Response,transcriptic,CRISPR_CEN.PK2_24962,Experiment,,,Synthetic_Complete,beta-estradiol,2.51e-05,mM,"['Synthetic_Complete|NA|NA', 'beta-estradiol|2.51e-05|mM']",30.0,celsius,0.034931204486822916,True,True,,,0.9766702014846236,
experiment.transcriptic.r1dtscjen6f3yx,f4,UWBF_24962,YeastSTATES-CRISPR-Dose-Response,transcriptic,CRISPR_CEN.PK2_24962,Experiment,,,Synthetic_Complete,beta-estradiol,2.51e-05,mM,"['Synthetic_Complete|NA|NA', 'beta-estradiol|2.51e-05|mM']",30.0,celsius,0.7394360222444959,False,False,15.689317001344993,0.7394360222444959,0.9309,
experiment.transcriptic.r1dtscjen6f3yx,f5,UWBF_24962,YeastSTATES-CRISPR-Dose-Response,transcriptic,CRISPR_CEN.PK2_24962,Experiment,,,Synthetic_Complete,beta-estradiol,3.98e-05,mM,"['Synthetic_Complete|NA|NA', 'beta-estradiol|3.98e-05|mM']",30.0,celsius,0.0351482216511094,True,True,,,0.9736842105263158,
experiment.transcriptic.r1dtscjen6f3yx,f6,UWBF_24962,YeastSTATES-CRISPR-Dose-Response,transcriptic,CRISPR_CEN.PK2_24962,Experiment,,,Synthetic_Complete,beta-estradiol,3.98e-05,mM,"['Synthetic_Complete|NA|NA', 'beta-estradiol|3.98e-05|mM']",30.0,celsius,0.03552040915418705,True,True,,,0.9756756756756757,
experiment.transcriptic.r1dtscjen6f3yx,f7,UWBF_24962,YeastSTATES-CRISPR-Dose-Response,transcriptic,CRISPR_CEN.PK2_24962,Experiment,,,Synthetic_Complete,beta-estradiol,6.31e-05,mM,"['Synthetic_Complete|NA|NA', 'beta-estradiol|6.31e-05|mM']",30.0,celsius,0.034314558546400815,True,True,,,0.9618055555555556,
experiment.transcriptic.r1dtscjen6f3yx,f8,UWBF_24962,YeastSTATES-CRISPR-Dose-Response,transcriptic,CRISPR_CEN.PK2_24962,Experiment,,,Synthetic_Complete,beta-estradiol,6.31e-05,mM,"['Synthetic_Complete|NA|NA', 'beta-estradiol|6.31e-05|mM']",30.0,celsius,0.03451634339396304,True,True,,,0.9310344827586207,
experiment.transcriptic.r1dtscjen6f3yx,f9,UWBF_24962,YeastSTATES-CRISPR-Dose-Response,transcriptic,CRISPR_CEN.PK2_24962,Experiment,,,Synthetic_Complete,beta-estradiol,0.0001,mM,"['Synthetic_Complete|NA|NA', 'beta-estradiol|0.0001|mM']",30.0,celsius,0.034221114847308616,True,True,,,0.9139072847682119,
experiment.transcriptic.r1dtscjen6f3yx,g1,UWBF_25784,YeastSTATES-CRISPR-Dose-Response,transcriptic,CRISPR_CEN.PK2_inducible_FP_25784,Control,,HIGH_FITC,Synthetic_Complete,beta-estradiol,1.58e-05,mM,"['Synthetic_Complete|NA|NA', 'beta-estradiol|1.58e-05|mM']",30.0,celsius,0.03533276168177341,False,False,2.036494610337682,0.03533276168177341,0.956140350877193,
experiment.transcriptic.r1dtscjen6f3yx,g10,UWBF_25784,YeastSTATES-CRISPR-Dose-Response,transcriptic,CRISPR_CEN.PK2_inducible_FP_25784,Control,,HIGH_FITC,Synthetic_Complete,beta-estradiol,0.0001,mM,"['Synthetic_Complete|NA|NA', 'beta-estradiol|0.0001|mM']",30.0,celsius,0.03331883079334918,False,False,416.234511630152,0.03331883079334918,0.9817483189241114,
experiment.transcriptic.r1dtscjen6f3yx,g11,UWBF_25784,YeastSTATES-CRISPR-Dose-Response,transcriptic,CRISPR_CEN.PK2_inducible_FP_25784,Control,,HIGH_FITC,Synthetic_Complete,beta-estradiol,0.0002,mM,"['Synthetic_Complete|NA|NA', 'beta-estradiol|0.0002|mM']",30.0,celsius,0.035433441279140616,False,False,316.8360832074631,0.035433441279140616,0.9633333333333334,
experiment.transcriptic.r1dtscjen6f3yx,g12,UWBF_25784,YeastSTATES-CRISPR-Dose-Response,transcriptic,CRISPR_CEN.PK2_inducible_FP_25784,Control,,HIGH_FITC,Synthetic_Complete,beta-estradiol,0.0002,mM,"['Synthetic_Complete|NA|NA', 'beta-estradiol|0.0002|mM']",30.0,celsius,0.033940431493043016,False,False,216.9729912354796,0.033940431493043016,0.9669811320754716,
experiment.transcriptic.r1dtscjen6f3yx,g2,UWBF_25784,YeastSTATES-CRISPR-Dose-Response,transcriptic,CRISPR_CEN.PK2_inducible_FP_25784,Control,,HIGH_FITC,Synthetic_Complete,beta-estradiol,1.58e-05,mM,"['Synthetic_Complete|NA|NA', 'beta-estradiol|1.58e-05|mM']",30.0,celsius,0.4284124107371176,False,False,6.828955973782691,0.4284124107371176,0.9925333333333334,
experiment.transcriptic.r1dtscjen6f3yx,g3,UWBF_25784,YeastSTATES-CRISPR-Dose-Response,transcriptic,CRISPR_CEN.PK2_inducible_FP_25784,Control,,HIGH_FITC,Synthetic_Complete,beta-estradiol,2.51e-05,mM,"['Synthetic_Complete|NA|NA', 'beta-estradiol|2.51e-05|mM']",30.0,celsius,0.03535387759762248,False,False,125.49830705547008,0.03535387759762248,0.9653061224489796,
experiment.transcriptic.r1dtscjen6f3yx,g4,UWBF_25784,YeastSTATES-CRISPR-Dose-Response,transcriptic,CRISPR_CEN.PK2_inducible_FP_25784,Control,,HIGH_FITC,Synthetic_Complete,beta-estradiol,2.51e-05,mM,"['Synthetic_Complete|NA|NA', 'beta-estradiol|2.51e-05|mM']",30.0,celsius,0.035087452497404525,False,False,389066590.71355546,0.03489648791242485,0.935064935064935,
experiment.transcriptic.r1dtscjen6f3yx,g5,UWBF_25784,YeastSTATES-CRISPR-Dose-Response,transcriptic,CRISPR_CEN.PK2_inducible_FP_25784,Control,,HIGH_FITC,Synthetic_Complete,beta-estradiol,3.98e-05,mM,"['Synthetic_Complete|NA|NA', 'beta-estradiol|3.98e-05|mM']",30.0,celsius,0.034232575306933716,False,False,598669715.1198764,0.03410705429569374,0.8804347826086957,
experiment.transcriptic.r1dtscjen6f3yx,g6,UWBF_25784,YeastSTATES-CRISPR-Dose-Response,transcriptic,CRISPR_CEN.PK2_inducible_FP_25784,Control,,HIGH_FITC,Synthetic_Complete,beta-estradiol,3.98e-05,mM,"['Synthetic_Complete|NA|NA', 'beta-estradiol|3.98e-05|mM']",30.0,celsius,0.5175175337452173,False,False,4.259102861073393,0.5175175337452173,0.9155666666666666,
experiment.transcriptic.r1dtscjen6f3yx,g7,UWBF_25784,YeastSTATES-CRISPR-Dose-Response,transcriptic,CRISPR_CEN.PK2_inducible_FP_25784,Control,,HIGH_FITC,Synthetic_Complete,beta-estradiol,6.31e-05,mM,"['Synthetic_Complete|NA|NA', 'beta-estradiol|6.31e-05|mM']",30.0,celsius,0.4731738279331934,False,False,4.528558681224218,0.4731738279331934,0.9138333333333334,
experiment.transcriptic.r1dtscjen6f3yx,g8,UWBF_25784,YeastSTATES-CRISPR-Dose-Response,transcriptic,CRISPR_CEN.PK2_inducible_FP_25784,Control,,HIGH_FITC,Synthetic_Complete,beta-estradiol,6.31e-05,mM,"['Synthetic_Complete|NA|NA', 'beta-estradiol|6.31e-05|mM']",30.0,celsius,0.0347333190175159,False,False,578817759.7732924,0.0347016651822085,0.9845513963161022,
experiment.transcriptic.r1dtscjen6f3yx,g9,UWBF_25784,YeastSTATES-CRISPR-Dose-Response,transcriptic,CRISPR_CEN.PK2_inducible_FP_25784,Control,,HIGH_FITC,Synthetic_Complete,beta-estradiol,0.0001,mM,"['Synthetic_Complete|NA|NA', 'beta-estradiol|0.0001|mM']",30.0,celsius,0.5328365462082751,False,False,13.204361613767322,0.5328365462082751,0.9128333333333334,
experiment.transcriptic.r1dtscjen6f3yx,h1,UWBF_24864,YeastSTATES-CRISPR-Dose-Response,transcriptic,CRISPR_CEN.PK2_positive_control_NOR_00_24864,Control,,HIGH_FITC,Synthetic_Complete,beta-estradiol,1.58e-05,mM,"['Synthetic_Complete|NA|NA', 'beta-estradiol|1.58e-05|mM']",30.0,celsius,0.03471172617703139,False,False,420.5353995919079,0.03471172617703139,0.9427083333333334,
experiment.transcriptic.r1dtscjen6f3yx,h2,UWBF_24864,YeastSTATES-CRISPR-Dose-Response,transcriptic,CRISPR_CEN.PK2_positive_control_NOR_00_24864,Control,,HIGH_FITC,Synthetic_Complete,beta-estradiol,1.58e-05,mM,"['Synthetic_Complete|NA|NA', 'beta-estradiol|1.58e-05|mM']",30.0,celsius,0.033868730483374014,False,False,391.7529664052773,0.033868730483374014,0.9447852760736196,
experiment.transcriptic.r1dtscjen6f3yx,h3,UWBF_24864,YeastSTATES-CRISPR-Dose-Response,transcriptic,CRISPR_CEN.PK2_positive_control_NOR_00_24864,Control,,HIGH_FITC,Synthetic_Complete,beta-estradiol,2.51e-05,mM,"['Synthetic_Complete|NA|NA', 'beta-estradiol|2.51e-05|mM']",30.0,celsius,0.0331839258148737,False,False,847.9385888559767,0.0331839258148737,0.9058823529411765,
experiment.transcriptic.r1dtscjen6f3yx,h4,UWBF_23970,YeastSTATES-CRISPR-Dose-Response,transcriptic,CRISPR_CEN.PK2_negative_control_23970,Control,,EMPTY_VECTOR,Synthetic_Complete,beta-estradiol,2.51e-05,mM,"['Synthetic_Complete|NA|NA', 'beta-estradiol|2.51e-05|mM']",30.0,celsius,0.033439007263930065,False,False,735.8018508384782,0.033439007263930065,0.9064748201438849,
experiment.transcriptic.r1dtscjen6f3yx,h5,UWBF_23970,YeastSTATES-CRISPR-Dose-Response,transcriptic,CRISPR_CEN.PK2_negative_control_23970,Control,,EMPTY_VECTOR,Synthetic_Complete,beta-estradiol,3.98e-05,mM,"['Synthetic_Complete|NA|NA', 'beta-estradiol|3.98e-05|mM']",30.0,celsius,0.03388351058687755,False,False,387.80345072938235,0.03388351058687755,0.8934426229508197,
experiment.transcriptic.r1dtscjen6f3yx,h6,UWBF_23970,YeastSTATES-CRISPR-Dose-Response,transcriptic,CRISPR_CEN.PK2_negative_control_23970,Control,,EMPTY_VECTOR,Synthetic_Complete,beta-estradiol,3.98e-05,mM,"['Synthetic_Complete|NA|NA', 'beta-estradiol|3.98e-05|mM']",30.0,celsius,0.033581243678548346,False,False,363.49284813596665,0.033581243678548346,0.8870967741935484,
experiment.transcriptic.r1dtscjen6f3yx,h7,UWBF_6390,YeastSTATES-CRISPR-Dose-Response,transcriptic,CRISPR_w303_positive_control_NOR_00_6390,Control,,HIGH_FITC,Synthetic_Complete,beta-estradiol,6.31e-05,mM,"['Synthetic_Complete|NA|NA', 'beta-estradiol|6.31e-05|mM']",30.0,celsius,0.032905883178367235,False,False,2812.9546176870454,0.032905883178367235,0.9,
experiment.transcriptic.r1dtscjen6f3yx,h8,UWBF_6390,YeastSTATES-CRISPR-Dose-Response,transcriptic,CRISPR_w303_positive_control_NOR_00_6390,Control,,HIGH_FITC,Synthetic_Complete,beta-estradiol,6.31e-05,mM,"['Synthetic_Complete|NA|NA', 'beta-estradiol|6.31e-05|mM']",30.0,celsius,0.05118031723048328,False,False,2.0652266608127365,0.05118031723048328,0.9971,
experiment.transcriptic.r1dtscjen6f3yx,h9,UWBF_6390,YeastSTATES-CRISPR-Dose-Response,transcriptic,CRISPR_w303_positive_control_NOR_00_6390,Control,,HIGH_FITC,Synthetic_Complete,beta-estradiol,0.0001,mM,"['Synthetic_Complete|NA|NA', 'beta-estradiol|0.0001|mM']",30.0,celsius,1.012046056098214,False,False,605456076.9330704,0.8342843555709375,0.9287666666666666,
